12280093,Honoria Proffer,+81 318 520 8328
8977540,Monica Rustedge,+62 914 281 0748
53158159,Adriano Pluvier,+49 516 419 2989
80116041,Tuckie Papachristophorou,+1 331 586 8199
92820556,Manfred Gladwell,+98 558 954 9535
83617376,Anna-maria Grayer,+86 886 346 0833
93141369,Rosemarie Rimmington,+62 506 515 9180
67974291,Herminia Newall,+86 157 445 2080
76546189,Monique Beckford,+86 936 153 4898
60760961,Dougie Jenne,+86 761 834 9446
10644327,Olva Foucar,+1 426 872 0058
70973420,Abbie Try,+970 436 731 2780
64808114,Mufi McComb,+420 673 845 1418
69302662,Harrison Eake,+504 842 784 4890
47022876,Kai Swanbourne,+62 359 735 0894
91763279,Caprice Urrey,+967 473 799 8961
83193171,Laryssa Wastie,+62 129 647 9413
57656880,Kimmi Noell,+1 502 733 9623
41057437,Aigneis Gollop,+351 407 470 0646
19347303,Roosevelt Hevner,+51 526 951 1662
33073262,Marwin Pennington,+86 688 277 8272
12457885,Padraig Stockell,+62 733 182 7970
57134649,Malva Pygott,+593 340 907 3446
43221845,Aguie Ickovici,+63 555 460 3444
33995529,Conrade Marzello,+7 865 384 5200
73767303,Bridgette Ranaghan,+46 499 294 0278
22759587,Faythe Maine,+55 797 486 0903
18281301,Clementina Febre,+7 535 513 1713
51009234,Catriona Simison,+7 589 431 9569
82039075,Zach Rexworthy,+63 939 646 9146
97567152,Sibylle Cowwell,+253 552 566 7327
58683174,Faith Acres,+51 937 892 9751
69483144,Iggie Fulk,+62 312 979 4105
22121923,Effie Dohms,+351 914 872 9977
93678045,Vernen Ascroft,+57 254 699 2320
35810607,Morganne Groll,+86 114 157 0651
15897605,Casi Blasiak,+49 100 189 8549
33612188,Vin Liversley,+216 193 632 7202
48734847,Shannon Greed,+62 851 334 0884
27397964,Blake Verdy,+62 670 629 9881
50063227,Elfie Tacker,+86 602 256 8784
77030552,Vernor Kennerley,+63 222 374 3820
59045072,Greg Espinosa,+63 856 943 2597
19134621,Reginauld Arrandale,+57 944 854 3202
88785552,Shandy Housego,+257 620 163 9557
4783105,Byram Aitken,+64 719 546 8956
3578426,Gina Flowith,+382 943 123 9179
60609775,Chrissy Pavia,+386 924 320 1440
4520285,Lloyd Lippatt,+54 710 896 6525
75619799,Kaye Edworthie,+20 528 885 1021
2514887,Geri Prestage,+962 793 856 2900
95064860,Baird Korting,+62 553 943 3421
31286194,Fan Veldman,+33 676 675 5259
20921665,Phyllys Zute,+92 354 427 2269
61359256,Jacquelin Klimmek,+216 119 959 4205
2890999,Ray Beynon,+27 374 719 7356
60806544,Wilt Bartunek,+86 225 473 0823
4535510,Barron Gostyke,+62 145 155 4403
55957652,Edan Oloshkin,+86 692 428 2533
80255156,Gerhardt Crother,+420 701 528 8911
25183744,Willette Lambal,+56 847 537 6039
56726951,Raychel Sikorsky,+234 973 796 5154
54785493,Gualterio Hounsom,+7 738 965 6704
17372771,Duke Le Teve,+55 202 884 0149
38588336,Pieter Borwick,+233 241 355 9570
28360289,Porter Shaughnessy,+7 149 592 8386
72975983,Shannon Erley,+86 211 225 9650
4640462,Dimitry Sporton,+51 953 846 0649
57474322,Kelsi Cox,+86 513 280 0798
38524381,Gilles Gwinnel,+33 398 836 0145
20647766,Clem Tidmarsh,+234 678 648 0960
89630502,Glenine De la Zenne,+61 496 989 7386
20574822,Cornelius Stevings,+86 173 848 3429
66557998,Cindelyn Record,+351 521 458 2434
72645182,Trstram Kelly,+63 569 189 8675
56966863,Kalil Spores,+86 341 931 2131
22291107,Mala Toppas,+86 799 268 5331
71680431,Blondell Reuble,+52 548 438 1393
97453030,Cris Blasing,+84 683 451 3030
93369265,Blake Folomin,+1 403 565 1381
15454465,Georgianne Amoss,+62 178 880 7830
68090536,Barbabas Poltun,+86 987 957 9145
89909225,Joshuah Triner,+86 396 468 3326
91744890,Bernie Tideswell,+55 992 317 5186
89703267,Shannen Balston,+86 577 441 0662
64334177,Daryl Keneford,+351 706 261 5919
91318918,Chandra Kitchin,+66 617 605 5190
93350988,Tessy Ludman,+86 894 485 3271
91951087,Kylen Bole,+93 565 651 3164
86757112,Reese Lickess,+7 327 473 9011
63046277,Cristi Killiam,+7 381 980 8215
88924007,Rafaela Matzen,+86 112 668 5973
10186758,Corrie Rambadt,+48 209 946 8718
18634614,Rubin Gittens,+51 664 933 8144
25941252,Merle Bailey,+86 484 736 9520
33891839,Fee Snuggs,+221 964 417 0397
67751014,Matteo Dyter,+86 744 137 4160
20937253,Tracie Cortin,+86 266 101 8059
95439085,Forbes Andryszczak,+46 206 227 1344
57687899,Thacher Ricardet,+351 379 433 6410
79904854,Tannie Van der Veldt,+53 469 679 4996
80335983,Kent McAndie,+57 305 755 3527
93527253,Jeana Meran,+55 762 842 7996
49291277,Ilyse Edyson,+86 326 472 7442
95942410,Meris Warlowe,+7 593 997 2010
14217739,Leon Samson,+86 959 381 0642
74537692,Clarinda Brayfield,+81 742 236 1108
22600742,Ileana Jowers,+1 978 226 1192
81156488,Barb Clapshaw,+33 168 763 2216
84637,Hewet Crayker,+251 360 867 3539
52269782,Geri MacHostie,+48 537 667 3793
33334776,Halsey Christopherson,+86 360 223 9121
14793015,Irina Wadwell,+51 584 982 4062
47164609,Elka Wattam,+66 538 280 4015
68752301,Atlante Sweetzer,+351 958 769 9415
17819729,Hart Goves,+351 455 627 8422
52482763,Maryrose Paish,+375 322 725 4760
85880253,Christy Berggren,+964 106 259 3931
77248385,Madelin Lage,+51 373 199 0583
24889557,Una Colquyte,+27 782 534 8549
23798334,Amby Bootman,+420 270 549 2291
39458285,Randell Hillaby,+380 681 640 4910
77686328,Devondra Pfaffe,+380 646 600 6491
6547381,Alphonse Cradduck,+57 405 493 3428
38167920,Mariam Surcomb,+86 142 963 6233
98500690,Rachael Parlor,+351 619 319 1985
93630920,Bobbette Sneaker,+62 100 556 3980
78367985,Winnie Bedome,+57 642 341 5255
60464519,Seana Fairbrass,+33 929 744 0131
92723767,Kassia Varvell,+86 157 908 3342
96452219,Vinny Wiskar,+1 123 436 3201
45565636,Fleurette Whiteoak,+251 347 140 2112
11591705,Emmy Hobben,+355 672 866 6216
73303749,Fredi Danforth,+351 360 985 8980
50057419,Albie Sicha,+62 873 761 1937
61962588,Wileen Firby,+63 143 354 7114
67733316,Jaquith Pringuer,+62 318 118 0338
46637753,Fleurette Leet,+63 567 163 4325
62281269,Farah Roscow,+30 212 135 8025
58199837,Gale Duddy,+86 715 360 3916
7981753,Samantha Charville,+1 812 566 9618
93142617,Brnaba Sindall,+351 378 284 9924
44357119,Jessamyn Vyvyan,+86 719 183 4414
29608706,Herman Sisneros,+86 769 460 1454
48469336,Grace Chasier,+86 945 581 1174
58255589,Merwin Fontes,+380 332 502 5781
29050784,Katusha Tanti,+256 724 687 2295
16340725,Niall Hatt,+351 613 303 7333
44221959,Clare Krink,+86 714 224 1615
43155645,Morlee Himsworth,+86 486 526 9249
53927099,Dwain Synnot,+62 575 107 6027
75905809,Kassi Grafton-Herbert,+62 797 110 6195
73091544,Lil Carayol,+62 693 444 4501
63339921,Fanni Van der Mark,+49 488 822 6140
876527,Chicky Fain,+48 280 362 4299
76342817,Miriam Varfalameev,+86 291 334 1837
92301550,Aviva Wims,+48 305 637 9612
74223692,Aida McHardy,+86 996 639 8882
4036679,Olivia Peerman,+86 847 297 9244
30173251,Marget Kellock,+7 190 755 5163
82448148,Richy Molnar,+62 708 334 2291
18683006,Tildy Whannel,+55 789 860 6098
81425767,Emili Mayow,+963 616 261 5724
25315668,Tamar Meineken,+387 105 483 6445
13154781,Perle Dionisi,+54 317 947 7917
34595930,Jerome Rodders,+856 744 244 2468
31152316,Roxy Reardon,+420 262 464 2636
54414971,Merrill Exell,+1 515 125 1279
19976520,Monroe Ridett,+255 855 744 5917
57237396,Kittie Rafter,+63 893 385 0856
43188236,Amye Gerardin,+351 962 441 3443
73954859,Daria Torrans,+86 113 918 4151
25851296,Gilberto Aubry,+86 899 373 1213
28373150,Shepherd Derr,+55 704 738 5099
9258548,Florian Jaycocks,+7 917 820 0489
28054253,Wakefield Mont,+1 315 144 5593
13416507,Olva Biscomb,+31 562 645 3347
82752794,Adelaida Gumbrell,+86 854 158 3036
94249322,Armand Ebbles,+46 452 600 0765
22866798,Danny Boman,+86 785 473 2225
62613017,Hastings McAughtrie,+63 342 568 7578
88769821,Brannon Chance,+33 397 563 6602
1561838,Josselyn Peplay,+86 372 566 0199
8594013,Maison Jirieck,+1 785 912 7728
48422149,Shandie McGookin,+373 702 969 6384
45988480,Kathryne Pawelczyk,+55 457 181 3332
85138940,Artemis Whayman,+504 759 126 3141
71423091,Bebe Tieraney,+972 709 513 6306
79266907,Naoma Brazer,+504 559 984 9035
90838631,Beck Lanegran,+66 423 534 9310
14653456,Lydia Syers,+86 680 740 8469
81857758,Padriac Swigger,+86 780 451 7538
17834041,Christy Goodison,+46 571 664 7419
1217244,Marlo Castanho,+62 472 959 4444
57706332,Rossie Porson,+504 707 458 5424
49476417,Rhianon Miebes,+380 561 508 0233
86497782,Latisha Shorto,+48 743 167 9067
40318334,Norbert Lidierth,+62 231 677 6798
27347674,Cointon Joslyn,+81 802 477 5989
60829201,Wadsworth Eakins,+48 668 887 0297
25214534,Brade Wondraschek,+7 898 426 5443
22263049,Hewitt Vernall,+7 832 339 6061
70794751,Jessie Younghusband,+33 682 603 2716
28403284,Kort Addison,+359 493 856 8484
1852087,Lorrayne Schneider,+62 341 303 1428
57394421,Mirabel Rolles,+46 952 259 1456
19131665,Lyndsay Querrard,+93 871 355 6365
55516482,Boris Goalby,+7 652 648 1632
91831296,Saxon Barwis,+31 615 767 2453
6429486,Katusha Lummis,+86 599 682 4449
81174441,Yvor Carnie,+1 624 939 8500
59434320,Amii Kubala,+86 742 582 2823
69787480,Lamar Chatell,+355 807 420 6582
52504337,Kellie Dalliwater,+7 235 136 5536
82868275,Grover Staniland,+94 139 817 0338
7711355,Krysta Gladtbach,+351 149 291 7954
97825164,Dukey Addey,+351 865 286 6702
57771659,Christoforo McWhin,+48 631 832 8333
85431778,Elvyn Rickerd,+86 154 240 2729
71698671,Zelda Loveland,+66 388 720 0363
59554493,Loydie Havelin,+86 719 712 5679
88468075,Marley Di Domenico,+55 490 766 4644
93700671,Nola Spens,+1 642 818 5390
14358566,Genvieve Haibel,+46 752 803 1181
44961905,Marybeth Golda,+251 338 591 3822
25008975,Hyacinthe Moneypenny,+86 372 657 9841
74342125,Griz Narbett,+86 650 117 4897
88171858,Drucy Chilley,+62 490 379 4329
76211254,Lulita Muccino,+55 673 188 8683
87253413,Madella Vian,+593 908 457 5285
57062578,Audra Tarney,+255 249 555 0823
45980112,Lance Attfield,+82 567 160 6934
342223,Benedick Hertwell,+62 278 469 6472
37467731,Alick Smeal,+86 480 750 1744
71651250,Lorinda Scargle,+242 723 192 4455
69903033,Mac Sackes,+234 618 435 2838
30366693,Jameson Albrook,+30 527 204 7135
24154872,Lyda Greenslade,+880 852 466 3175
45811736,Dex Parnham,+62 587 855 5662
99516272,Jasmina Skeen,+60 863 508 5473
15686039,Marji Bewfield,+48 468 168 0153
56613111,Freddy Edden,+98 245 522 2018
81667435,Lonny Branchet,+62 754 262 9705
11640227,Melody Ratt,+386 134 642 1255
8889778,Chantalle Elizabeth,+55 632 122 6250
20984514,Ddene Hurtado,+216 222 947 6990
55502475,Orion Worviell,+53 768 291 1136
57606758,Antone Newey,+51 688 708 9511
84268859,Geri Kinder,+62 164 106 8582
65602152,Jaimie Josephs,+373 929 888 3582
